<?xml version="1.0" encoding="UTF-8"?>
<project-private xmlns="http://www.netbeans.org/ns/project-private/1">
    <data xmlns="http://www.netbeans.org/ns/make-project-private/1">
        <activeConfTypeElem>1</activeConfTypeElem>
        <activeConfIndexElem>0</activeConfIndexElem>
    </data>
    <editor-bookmarks xmlns="http://www.netbeans.org/ns/editor-bookmarks/2" lastBookmarkId="0"/>
    <open-files xmlns="http://www.netbeans.org/ns/projectui-open-files/2">
        <group>
            <file>file:/home/m228student/Downloads/CSC5210_Langille1/Shader.cpp</file>
            <file>file:/home/m228student/Downloads/CSC5210_Langille1/main.cpp</file>
            <file>file:/home/m228student/Downloads/CSC5210_Langille1/PuzzleHandler.cpp</file>
            <file>file:/home/m228student/Downloads/CSC5210_Langille1/Shader.hpp</file>
            <file>file:/home/m228student/Downloads/CSC5210_Langille1/PuzzleHandler.h</file>
            <file>file:/home/m228student/Downloads/CSC5210_Langille1/PuzzlePiece.h</file>
            <file>file:/home/m228student/Downloads/CSC5210_Langille1/PuzzlePiece.cpp</file>
        </group>
    </open-files>
</project-private>
